{
    "val_loss": [
        1.1636644635918285,
        0.8980536515622775,
        0.7464167002833129,
        0.6888591213739845,
        0.632007885430665,
        0.6396774765915946,
        0.5932884198700131,
        0.593823930009253,
        0.5594989603856305,
        0.5795282668133814,
        0.550380624899756,
        0.5136783193930438,
        0.5168861620967559,
        0.5355688717455869,
        0.51089073303195,
        0.5030993774095062,
        0.4811964706156707,
        0.4722875925507564,
        0.4701052448149894,
        0.4707399181780502,
        0.4717126654285192,
        0.4715150042926127,
        0.4458812646326706,
        0.4540776734233975,
        0.48753450023931066,
        0.46315186272551745,
        0.45229580384125495,
        0.4811889428739918,
        0.43050994666707715,
        0.45856166911218027,
        0.43440384285408684,
        0.4076749063809158,
        0.42127276462597446,
        0.4330427000646513,
        0.43120801483638754,
        0.4339157351114709,
        0.4441007965440572,
        0.4088938883107445,
        0.43011744259363277,
        0.4167495171615897,
        0.4245659898667907,
        0.42604045717767763,
        0.4084114342291627,
        0.3993250751344889,
        0.40649664510860367,
        0.3982703451127738,
        0.41340366509739657,
        0.4189154987681291,
        0.39342586064044144,
        0.39813450064469585
    ],
    "val_acc": [
        0.6016516717661303,
        0.6950449846455823,
        0.7486236068455504,
        0.7608432925930435,
        0.776688599460026,
        0.7776285752411959,
        0.7886397206528772,
        0.7883711561782738,
        0.8044850275198597,
        0.788236873836922,
        0.8069021082234987,
        0.815630455208862,
        0.8251644957460972,
        0.7997851483899026,
        0.8167047132673528,
        0.8190546528723507,
        0.8259030481513049,
        0.836779911349696,
        0.8295286692707943,
        0.8275144353350873,
        0.8244259432928664,
        0.8261716126739315,
        0.8390627097600064,
        0.833422854920914,
        0.8273130119111021,
        0.8263730360979168,
        0.8416140727409664,
        0.8387941452533875,
        0.850140996318352,
        0.8342285483367206,
        0.8424869074395027,
        0.8554451456402266,
        0.8434268832686956,
        0.8459782462176403,
        0.837317040346926,
        0.849268161603808,
        0.8386598629920742,
        0.8490667382278457,
        0.8395326976906106,
        0.8436283066766733,
        0.8479924801533473,
        0.8459782461856249,
        0.8536323351124974,
        0.866120585382617,
        0.8555794279015398,
        0.8647106216388276,
        0.8460453873162815,
        0.8455753994657159,
        0.8544380286643694,
        0.863837786956299
    ],
    "loss": [
        1.9273814242289629,
        1.3091534722778944,
        1.1178674628953662,
        1.0131396476069239,
        0.9512396228217673,
        0.9089759483867844,
        0.8793856631586686,
        0.8531552867818841,
        0.8297909334213002,
        0.8105905209582493,
        0.7927645475058874,
        0.7784743403110139,
        0.7609783197815277,
        0.7512379735713541,
        0.7419936993195748,
        0.7340958246607062,
        0.7259166618809966,
        0.717471204224793,
        0.7123644936794483,
        0.7009770564090115,
        0.6949648920627932,
        0.6819686318514181,
        0.680184773770015,
        0.6786425455750228,
        0.6707302899493748,
        0.6651358640483803,
        0.6564688423878204,
        0.6574040845646403,
        0.6542774468601292,
        0.6484008282067586,
        0.6471306486494574,
        0.6412733200603871,
        0.6403257970501993,
        0.6353019462589558,
        0.6325122268360598,
        0.6279675547197484,
        0.6263386520597441,
        0.6249084799414788,
        0.6248356627916046,
        0.6173017396279279,
        0.6161738239877118,
        0.6182334521285141,
        0.6113208757186763,
        0.6113612762974914,
        0.6021998728207344,
        0.6068900994873293,
        0.6034696587335898,
        0.5993401592707598,
        0.598830939678918,
        0.5937825974681215
    ],
    "acc": [
        0.35576204208388956,
        0.5414693771039343,
        0.611223848021077,
        0.6471572501584953,
        0.6674142902979392,
        0.6823904968624246,
        0.6912907781339466,
        0.702232190524489,
        0.7073350184560792,
        0.717089726711933,
        0.7222518898136532,
        0.7267257645327446,
        0.7337035850262137,
        0.736611010228525,
        0.7389488174401028,
        0.7400880534611802,
        0.7440991135418903,
        0.746092776543763,
        0.7495698197403444,
        0.7518364246906138,
        0.7540436944573138,
        0.7597517414812911,
        0.7592177246197971,
        0.7600128163901444,
        0.7629558427422078,
        0.7633949232802829,
        0.7685452193474113,
        0.7668007642247513,
        0.7681773410748884,
        0.7704320789912733,
        0.7713102400766189,
        0.7713933093470552,
        0.7733869723659039,
        0.7755111728260937,
        0.7753687683239896,
        0.7762115895295902,
        0.7777553396276691,
        0.7791068864428636,
        0.7777777777650459,
        0.7820087253414264,
        0.7809745551411712,
        0.7813260232399115,
        0.7834976918724208,
        0.7839130383250436,
        0.7871883418225121,
        0.7852896151426435,
        0.7882089074000592,
        0.7867033383915023,
        0.7881021040250725,
        0.7899788553344134
    ]
}