{
    "val_loss": [
        0.5651239031791687,
        0.5680757998466491,
        0.558171637916565,
        0.5829789832115173,
        0.5693490694999694,
        0.5818284029006958,
        0.5578279670715331,
        0.5969326037406921,
        0.5480450373649597,
        0.5637205136299134,
        0.5584631929397583,
        0.5374154273033143,
        0.5737741149902343,
        0.5534512197494507,
        0.5814497616767883,
        0.5549121126174926,
        0.5532944514274597,
        0.6130356879234314,
        0.5418994368553162,
        0.5001555027008057
    ],
    "val_acc": [
        0.8129,
        0.8175,
        0.8218,
        0.806,
        0.8148,
        0.8123,
        0.8196,
        0.8097,
        0.8184,
        0.8155,
        0.8197,
        0.8288,
        0.8139,
        0.819,
        0.8095,
        0.8189,
        0.82,
        0.8055,
        0.8273,
        0.8378
    ],
    "loss": [
        0.47337469027369,
        0.47057461694604813,
        0.4678876718573743,
        0.46359697656444837,
        0.46253629294121,
        0.46074129483773996,
        0.4498484133144277,
        0.4503418961070767,
        0.4496073463061011,
        0.44581645159221134,
        0.4442598659199784,
        0.4452037692146497,
        0.43753350662580853,
        0.4419752797676578,
        0.44128046000007637,
        0.4440621677445493,
        0.43876193953814857,
        0.4340439628992549,
        0.4305185545779667,
        0.4299078566889599
    ],
    "acc": [
        0.8456047481552775,
        0.8456448508180944,
        0.8492941930961793,
        0.8500160410460043,
        0.8509384023290358,
        0.8508982996088517,
        0.8541466153735031,
        0.8531239974143071,
        0.8551090792619842,
        0.854527590593773,
        0.855229387269557,
        0.8536653834197014,
        0.8580766762913058,
        0.8554900545778663,
        0.8572144690024994,
        0.8571342636768658,
        0.8598812960798173,
        0.8598211420855921,
        0.860903913981646,
        0.8610242219700964
    ]
}