{
    "val_loss": [
        1.7079869693756105,
        1.1997287608146667,
        1.1498649891853332,
        1.1374765771865845,
        0.9877872232437134,
        1.0019067449569703,
        1.0025218746185303,
        1.0732884363174438,
        1.0322539108276367,
        0.9686921718597412,
        0.841162931060791,
        0.8199312654495239,
        0.8141474462509155,
        0.7939215515136718,
        0.8716128461837769,
        0.8031175940513611,
        0.7823442637443543,
        0.6825381348609925,
        0.7559134901046753,
        0.7485128866195678
    ],
    "val_acc": [
        0.4258,
        0.5831,
        0.6052,
        0.614,
        0.6605,
        0.6707,
        0.6765,
        0.6506,
        0.6573,
        0.6748,
        0.7243,
        0.721,
        0.7334,
        0.7347,
        0.7069,
        0.7405,
        0.7423,
        0.7719,
        0.7522,
        0.7562
    ],
    "loss": [
        1.7820537480016836,
        1.2781583842919122,
        1.094460855587423,
        0.9946131152834385,
        0.9293731912267793,
        0.8839526299027476,
        0.8477924808233566,
        0.8175807688379273,
        0.7894260902644963,
        0.7758362039106184,
        0.7471872127358257,
        0.7362952015512373,
        0.7159656187759059,
        0.6966691316990734,
        0.6896507492767606,
        0.675750562232161,
        0.6729850473792499,
        0.6621329387029012,
        0.6447928688544529,
        0.6444823711508163
    ],
    "acc": [
        0.38695059352897093,
        0.5467797561566876,
        0.6135306383961472,
        0.6523099134164932,
        0.6774743342957973,
        0.694838787276354,
        0.7080726660250241,
        0.7184392043249248,
        0.729387231350404,
        0.7342998075454633,
        0.7451876804237378,
        0.7490976900483769,
        0.758682226518962,
        0.7639557266793727,
        0.7673644529805568,
        0.7753448828811021,
        0.7731191851521364,
        0.7778846153846154,
        0.784441233159796,
        0.7840271093618193
    ]
}