{
    "val_loss": [
        0.6851669669151306,
        0.6665291006088256,
        0.6550831019401551,
        0.6060797422409058,
        0.6904614179611206,
        0.6148666437149047,
        0.6662468317985535,
        0.634719851398468,
        0.617079295539856,
        0.6733154745101929,
        0.6526564088821412,
        0.6317810009002686,
        0.5848276316642761,
        0.6259562304496765,
        0.5857031447410583,
        0.6118480900764466,
        0.5645173516273498,
        0.5670948906898499,
        0.5908583619117737,
        0.5979988943099975
    ],
    "val_acc": [
        0.7766,
        0.7873,
        0.7826,
        0.8011,
        0.7734,
        0.8032,
        0.7793,
        0.7905,
        0.8012,
        0.7815,
        0.7887,
        0.7986,
        0.8096,
        0.7949,
        0.8083,
        0.7989,
        0.8175,
        0.8152,
        0.8097,
        0.8021
    ],
    "loss": [
        0.599200152895716,
        0.5825728372881953,
        0.5781814613363703,
        0.5684098967344745,
        0.5646685668968565,
        0.5577285536443878,
        0.5567539978532177,
        0.5519359968088742,
        0.5461263545514836,
        0.5414626654906151,
        0.5346831824431912,
        0.5324565996755037,
        0.5249442355465269,
        0.5215421660917097,
        0.5222825427964822,
        0.5209842430386438,
        0.5183688763016342,
        0.5113418543950106,
        0.5069925496611905,
        0.5044449457267098
    ],
    "acc": [
        0.8009303817582276,
        0.808690247032403,
        0.8092316330186747,
        0.8130213346548634,
        0.8137231312350351,
        0.8156681103242832,
        0.8173323709076706,
        0.8181143727752311,
        0.8194778633301251,
        0.8213942307692308,
        0.8267702312330137,
        0.8239493102724444,
        0.8255935194288112,
        0.8285410651267244,
        0.8278392685465527,
        0.8289019890920757,
        0.8298444017065156,
        0.8327724358974359,
        0.8342565831727682,
        0.8354988770871963
    ]
}